{
    "train_loss": [
        0.9685147530154178,
        0.4300962474785353,
        0.30169434610166046,
        0.14989669268068515,
        0.1612935321111428,
        0.14637862145900726,
        0.12431279991410281,
        0.12793032011311306,
        0.12289922145244322,
        0.05963672927923893,
        0.12353223885752652,
        0.06062543431394979,
        0.0736047227033659,
        0.08387892960423701,
        0.04309319692516798,
        0.07768967625145849,
        0.06750449844587006,
        0.057683474972451985
    ],
    "val_loss": [
        0.5258740857736954,
        0.22199635612254112,
        0.13327340162451692,
        0.056615652183428504,
        0.10425675625832664,
        0.10240100511651955,
        0.056528885830317115,
        0.08951847302104464,
        0.0932965727263926,
        0.03523778725440139,
        0.03828312130953303,
        0.024458945290931802,
        0.02144214002699252,
        0.03822391445668328,
        0.041956788163311436,
        0.03333565154859167,
        0.039480431363085246,
        0.04795932305964413
    ],
    "train_acc": [
        0.631578947368421,
        0.8618421052631579,
        0.9013157894736842,
        0.9572368421052632,
        0.9539473684210527,
        0.9506578947368421,
        0.9539473684210527,
        0.944078947368421,
        0.9506578947368421,
        0.9835526315789473,
        0.9736842105263158,
        0.9802631578947368,
        0.9703947368421053,
        0.9802631578947368,
        0.9901315789473685,
        0.9736842105263158,
        0.9736842105263158,
        0.9769736842105263
    ],
    "val_acc": [
        0.8211920529801324,
        0.9271523178807947,
        0.9735099337748344,
        0.9801324503311258,
        0.9735099337748344,
        0.9536423841059603,
        0.9735099337748344,
        0.9735099337748344,
        0.9801324503311258,
        0.9801324503311258,
        0.9867549668874173,
        0.9867549668874173,
        0.9867549668874173,
        0.9867549668874173,
        0.9867549668874173,
        0.9801324503311258,
        0.9867549668874173,
        0.9867549668874173
    ]
}